{"Sarasota Arthritis Research Center":[27.3007467,-82.5320475],"Houston":[29.7604267,-95.3698028],"UCLA":[34.068921,-118.4451811],"Columbia University":[40.8075355,-73.9625727],"Jacobi":[40.8560285,-73.8463633],"Center for Rheumatology, LLP":[42.6860238,-73.8425874],"University of Alabama":[33.2140233,-87.5391418],"Winthrop":[34.939393,-81.0321286],"University of Kentucky":[38.0306511,-84.5039697],"Northwell":[40.7723518,-73.95920989999999],"Dartmouth-Hitchcock Medical Center":[43.67536399999999,-72.2729872],"University of Pittsburgh":[40.4415442,-79.9593563],"Center for Rheum & Bone Research":[43.086968,-73.807079],"Hospital for Special Surgery":[40.7649401,-73.9529503],"Mount Sinai":[40.6187324,-73.9429871],"Southwest Florida":[26.5337051,-81.7553083],"MGH":[42.3613671,-71.0681857],"Cleveland Clinic":[41.502653,-81.62098],"Oregon Health & Science University":[45.4989098,-122.6858606],"Brigham and Women's Hospital":[42.3362325,-71.1065443],"Washington University St. Louis":[38.6487895,-90.31079620000001],"SUNY Downstate":[40.6552459,-73.945734],"UMichigan":[42.2780436,-83.7382241],"UT Houston":[29.7034179,-95.4030452],"Robert W. Levin, MD, PA":[27.9885277,-82.7455902],"NYU":[40.72951339999999,-73.9964609],"Seattle Rheumatology":[47.70457340000001,-122.3324113],"Brigid Freyne MD, Inc.":[33.555874,-117.163786],"Southern Ohio Rheumatology, Inc.":[39.921098,-83.778723],"UNC Med":[35.906058,-79.052199],"UCSF":[37.7627655,-122.457753],"Northwestern":[42.0564594,-87.67526699999999],"Nazanin Firooz MD, Inc. West Hills, CA":[34.2014202,-118.6297387],"Altoona Research Center":[40.4359798,-78.4176739],"Metroplex Clinical Research Center":[32.880948,-96.76601199999999],"UPenn":[39.9522188,-75.1932137],"U Wisconsin":[43.076592,-89.4124875],"Baylor":[31.5497007,-97.1143046],"UVA":[38.0335529,-78.5079772],"Mt. Sinai Hospital, Canada":[43.6574634,-79.3903693],"Liam Martin":[34.8984023,-94.09234149999999],"Sibel Aydin, Ottawa":[45.4215296,-75.69719309999999],"Atlanta":[33.7489954,-84.3879824],"Norfolk":[36.8507689,-76.28587259999999],"Lebanon":[33.854721,35.862285],"Philadelphia":[39.9525839,-75.1652215],"Pittsburgh":[40.44062479999999,-79.9958864],"New Castle County":[39.5392979,-75.667356],"New Hyde Park":[40.7351018,-73.6879082],"New York":[40.7127753,-74.0059728],"Hartford":[41.7658043,-72.6733723],"Shreveport":[32.5251516,-93.7501789],"Palo Alto":[37.4418834,-122.1430195],"Chicago":[41.8781136,-87.6297982],"Marshfield":[44.6688524,-90.1717987],"Boston":[42.3600825,-71.0588801],"Nashville":[36.1626638,-86.7816016],"Charleston":[32.7764749,-79.93105120000001],"Evanston":[42.0450722,-87.68769689999999],"Portland":[45.5154586,-122.6793461],"Salt Lake City":[40.7607793,-111.8910474],"San Diego":[32.715738,-117.1610838],"Indianapolis":[39.768403,-86.158068],"Seattle":[47.6062095,-122.3320708],"St. Louis":[38.6270025,-90.19940419999999],"Kansas City":[39.0997265,-94.5785667],"San Francisco":[37.7749295,-122.4194155],"Minneapolis":[44.977753,-93.2650108],"Worcester":[42.2625932,-71.8022934],"Albuquerque":[35.0843859,-106.650422]}